Workbook

Sheet Liquidador
C8: TOMADOR: | G8: FUNDACION DE LA MUJER | T8: FECHA SINIESTRO:
C9: ASEGURADO: | T9: DIRECCION: | AN9: Campos Diligenciables
C10: POLIZA: | T10: EVENTO: | X10: ANEGACION
C11: ORDEN: | T11: CEDULA:
C12: SINIESTRO: | T12: RAMO: | X12: microseguros daños basico empresa
C14: CONTENIDOS | T14: EDIFICIOS
C16: N° | D16: ITEM | N16: VALOR | T16: N° | U16: ITEM | AE16: VALOR
C18: 1 | T18: 1
C19: 2 | T19: 2
C20: 3 | T20: 3
C21: 4 | T21: 4
C22: 5 | T22: 5
C23: 6 | T23: 6
C24: 7 | T24: 7
C25: 8 | T25: 8
C26: 9 | T26: 9
C27: 10 | T27: 10
C28: SUBTOTAL | N28: =SUM(N18:Q27) -> 2800000 | T28: SUBTOTAL | AE28: =SUM(AE18:AH27) -> 5000000
T30: PERDIDA ESTABLECIDA | AE30: =SUM(N28+AE28) -> 7800000
T31: (-) DEDUCIBLE | AE31: =MAX(F35*H34,AE30*0.1) -> 1313178.8
T32: (=) TOTAL | AE32: =IF(AE30+AE31<0,0,AE30-AE31) -> 6486821.2
C33: SUBSIDIO | H33: 0 | T33: (+) SUBSIDIO | AE33: =+H33 -> 0
C34: SMMLV | F34: 2026 | H34: =_xlfn.XLOOKUP(F34,Bases!B:B,Bases!C:C) -> 1750905 | T34: (=) INDEMNIZACIÓN | AE34: =SUM(AE33+AE32) -> 6486821.2
C35: DEDUCIBLE | F35: 0.75 | H35: =(H34*F35) -> 1313178.8
F36: 0.1 | H36: =(AE30*F36) -> 780000
X38: Impreso: | AA38: =TODAY() -> 46066

Sheet PDF
A1: CONSTANCIA DE INDEMNIZACIÓN Y PAZ Y SALVO
A3: TOMADOR: | G3: =+Liquidador!G8 -> FUNDACION DE LA MUJER | U3: =+Liquidador!AE34 -> 6486821.2
A4: ASEGURADO Y BENEFICIARIO: | G4: =+Liquidador!G9 -> DANIEL JOSE NARVAEZ DORIA | U4: =SUBSTITUTE(Liquidador!T35, "Pesos M/Cte", "PESOS M/CTE") -> Seis Millones Cuatrocientos Ochenta Seis Mil Ochocientos Veinte Uno PESOS M/CTE.
A5: RAMO: | G5: =+Liquidador!X12 -> microseguros daños basico empresa | U5: =+Liquidador!AE30 -> 7800000
A6: POLIZA: | G6: =+Liquidador!G10 -> AB003073 | U6: =+Liquidador!F35 -> 0.75
A7: ORDEN: | G7: =+Liquidador!G11 -> 2608 | U7: =+Liquidador!H35 -> 1313178.8
A8: SINIESTRO: | G8: =+Liquidador!G12 -> 0 | U8: =+Liquidador!AE32 -> 6486821.2
A9: AGENCIA: | G9: Bucaramanga | U9: =+Liquidador!H33 -> 0
A11: =CONCATENATE(G4," ","identificado (a) como aparece al pie de mi firma, obrando en calidad de asegurado (a) beneficiario (a), y afectado (a) por el siniestro de la póliza citada, por medio del presente documento hago constar:") -> DANIEL JOSE NARVAEZ DORIA identificado (a) como aparece al pie de mi firma, obrando en calidad de asegurado (a) beneficiario (a), y afectado (a) por el siniestro de la póliza citada, por medio del presente documento hago constar:
A15: ="PRIMERO. - Que he llegado con LA EQUIDAD SEGUROS GENERALES O.C., aseguradora de los riesgos de Básico Empresa Fundación de la Mujer, a un arreglo transaccional definitivo, con ocasión al evento" & " " & Liquidador!X10 & " que afectó el bien asegurado, en la dirección: " & Liquidador!X9 & ", en hechos ocurridos el " & TEXT(Liquidador!X8, "dddd, d \d\e mmmm \d\e yyyy") & "." -> PRIMERO. - Que he llegado con LA EQUIDAD SEGUROS GENERALES O.C., aseguradora de los riesgos de Básico Empresa Fundación de la Mujer, a un arreglo transaccional definitivo, con ocasión al evento ANEGACION que afectó el bien asegurado, en la dirección: Diagonal 10B carrera 2 - 10 barrio abajo , en hechos ocurridos el lunes, 2 de febrero de 2026.
A18: ="SEGUNDO. - Que recibiré de LA EQUIDAD SEGUROS GENERALES O.C., la suma de: " & "($" & TEXT(U3, "#.##0,00")& ")-(" & U4 & "), valor en que estimo los perjuicios sufridos, dado que el total de la pérdida según valor ajustado por la aseguradora es por valor de " & "($" & TEXT(U5, "#.##0,00") & ") menos deducible de " & U6 & " SMMLV ($" & TEXT(U7, "#.##0,00") & "), para un total a indemnizar de: " & "($" & TEXT(U8, "#.##0,00") & ") + Subsidio " & "($" & TEXT(U9, "#.##0,00") & ") = ($" & TEXT(U3, "#.##0,00") & ")." -> SEGUNDO. - Que recibiré de LA EQUIDAD SEGUROS GENERALES O.C., la suma de: ($6.486.821,25)-(Seis Millones Cuatrocientos Ochenta Seis Mil Ochocientos Veinte Uno PESOS M/CTE.), valor en que estimo los perjuicios sufridos, dado que el total de la pérdida según valor ajustado por la aseguradora es por valor de ($7.800.000,00) menos deducible de 0,75 SMMLV ($1.313.178,75), para un total a indemnizar de: ($6.486.821,25) + Subsidio ($0,00) = ($6.486.821,25).
A22: =+_xlfn.CONCAT("TERCERO. - Que en consecuencia de lo anterior declaro a PAZ Y SALVO y libre de posteriores reclamos a LA EQUIDAD SEGUROS GENERALES O.C., por los hechos el ",TEXT(Liquidador!X8, "dddd, d \d\e mmmm \d\e yyyy") & ".") -> TERCERO. - Que en consecuencia de lo anterior declaro a PAZ Y SALVO y libre de posteriores reclamos a LA EQUIDAD SEGUROS GENERALES O.C., por los hechos el lunes, 2 de febrero de 2026.
A24: CUARTO. - De acuerdo con lo establecido por los artículos 15, 2.483 y concordantes del Código Civil Colombiano, renuncio y desisto de las acciones y derechos que me confieren las leyes civiles y penales, para iniciar en un futuro acción alguna que persiga el pago de perjuicios materiales y morales en contra de LA EQUIDAD SEGUROS GENERALES O.C., en consideración a que los daños fueron indemnizados en su totalidad.
A29: =+_xlfn.CONCAT("Para constancia de lo anterior se firma en XXX " & TEXT(Liquidador!AA38, "dddd, d \d\e mmmm \d\e yyyy") & ".") -> Para constancia de lo anterior se firma en XXX viernes, 13 de febrero de 2026.
A31: Firma:
A35: =+_xlfn.CONCAT("Asegurado (a)"," ",V4) -> Asegurado (a) | F35: =+G4 -> DANIEL JOSE NARVAEZ DORIA
A36: Cedula de Ciudadanía No | F36: =+Liquidador!X11 -> 1063164401

Sheet Bases
B2: SMMLV | E2: DEDUCIBLE
B3: 2020 | C3: 877803 | E3: 0
B4: 2021 | C4: 908526 | E4: 0.5
B5: 2022 | C5: 1000000 | E5: 0.75
B6: 2023 | C6: 1160000
B7: 2024 | C7: 1300000
B8: 2025 | C8: 1423500
B9: 2026 | C9: 1750905
B10: 2027
B11: 2028
B12: 2029
B13: 2030

Sheet CxW
A1: TOMADOR | B1: ASEGURADO | C1: POLIZA | D1: SINIESTRO | E1: ORDEN | F1: EVENTO | G1: CEDULA | H1: RAMO | I1: FECHA | J1: DIRECCIÓN | K1: VALOR LIQUIDADO | L1: TASA | M1: DEDUCIBLE | N1: TOTAL | O1: SUBSIDIO | P1: INDEMNIZACION | Q1: LETRAS | R1: IMPRESO
A2: =+Liquidador!G8 -> FUNDACION DE LA MUJER | B2: =+Liquidador!G9 -> DANIEL JOSE NARVAEZ DORIA | C2: =+Liquidador!G10 -> AB003073 | D2: xxX | E2: =+Liquidador!G11 -> 2608 | F2: =+Liquidador!X10 -> ANEGACION | G2: =+Liquidador!X11 -> 1063164401 | H2: =+Liquidador!X12 -> microseguros daños basico empresa | I2: =+Liquidador!X8 -> 46055 | J2: =+Liquidador!X9 -> Diagonal 10B carrera 2 - 10 barrio abajo | K2: =+Liquidador!AE30 -> 7800000 | L2: =+Liquidador!F35 -> 0.75 | M2: =-Liquidador!AE31 -> -1313178.8 | N2: =+Liquidador!AE32 -> 6486821.2 | O2: =+Liquidador!H33 -> 0 | P2: =+Liquidador!AE34 -> 6486821.2 | Q2: =+Liquidador!T35 -> Seis Millones Cuatrocientos Ochenta Seis Mil Ochocientos Veinte Uno Pesos M/Cte. | R2: =+Liquidador!AA38 -> 46066
