Workbook

Sheet Listas
A1: Estado seleccionado | B1: Puntaje | C1: Categoría operativa | D1: Habitabilidad | F1: Unidades | H1: Urgencia | J1: Componentes | L1: Capítulos
A2: Sin daño | B2: 0 | C2: Nivel 0 - Sin daño | D2: Habitable | F2: m² | H2: Bajo | J2: Condición general | L2: Medidas temporales
A3: Daño leve | B3: 1 | C3: Nivel 1 - Daño leve | D3: Habitable | F3: m³ | H3: Medio | J3: Columnas | L3: Demoliciones
A4: Daño moderado | B4: 2 | C4: Nivel 2 - Daño moderado | D4: Habitación restringida | F4: ml | H4: Alto | J4: Vigas | L4: Estructura
A5: Daño severo | B5: 3 | C5: Nivel 3 - Daño severo | D5: Inhabitable | F5: und | H5: Crítico | J5: Conexiones | L5: Mampostería / Bahareque
A6: Colapso / peligro inminente | B6: 4 | C6: Nivel 4 - Colapso / Peligro inminente | D6: Inhabitable | F6: kg | J6: Muros | L6: Cubierta
A7: No aplica | B7: -1 | F7: día | J7: Bahareque | L7: Acabados
A8: No inspeccionado | B8: -1 | F8: gl | J8: Cubierta | L8: Redes
F9: mes | J9: Cimentación | L9: Geotecnia
F10: otro | J10: Pisos | L10: Equipos / Anclajes
J11: Geotecnia | L11: Limpieza / Retiro
J12: No estructural | L12: Otros
J13: Redes
J14: Preexistencias

Sheet Portada
A1: =IF(Evaluación!D4="","FECHA DE INSPECCIÓN: PENDIENTE","INSPECCIÓN POST-SISMO - "&UPPER(Evaluación!B4)&", "&TEXT(Evaluación!D4,"dd/mm/yyyy")) -> FECHA DE INSPECCIÓN: PENDIENTE
A2: VERSIÓN DEL INFORME: EVALUACIÓN PRELIMINAR
A4: INFORMACIÓN DETALLADA DE LA INSPECCIÓN
A5: ASEGURADO
A6: POLIZA | C6: =Evaluación!A4 -> 0
A7: MUNICIPIO | C7: =Evaluación!B4 -> 0
A8: DIRECCIÓN | C8: =Evaluación!C4 -> 0
A9: FECHA DE INSPECCIÓN | C9: =Evaluación!D4 -> 0
A10: INSPECTOR | C10: =Evaluación!E4 -> 0
A11: TIPOLOGÍA PRINCIPAL | C11: =Evaluación!F4 -> 0
A12: ENTORNO | C12: =Evaluación!G4 -> 0
A13: NÚMERO DE PISOS | C13: =Evaluación!H4 -> 0
A14: USO | C14: =Evaluación!I4 -> 0
A15: FECHA DEL SISMO | C15: =Evaluación!J4 -> 0

Sheet Evaluación
A1: EVALUACIÓN RÁPIDA POST-SISMO – CRITERIO OPERATIVO CON ENFOQUE NSR-10
A3: Inmueble / Riesgo | B3: Municipio | C3: Dirección | D3: Fecha inspección | E3: Inspector | F3: Tipología principal | G3: Entorno | H3: No. pisos | I3: Uso | J3: Fecha sismo
A7: Componente | B7: Código | C7: Elemento / condición a evaluar | D7: Criterio visual de referencia | E7: Estado seleccionado | F7: Puntaje | G7: ¿Requiere intervención? | H7: Observación / Evidencia | I7: Foto / Ref. | J7: Acción sugerida
A8: CONDICIÓN GENERAL | B8: CG-01 | C8: Estado global de la edificación | D8: Revisar inclinaciones, desplazamientos, separaciones o colapso. | E8: Daño severo | F8: =IFERROR(VLOOKUP(E8,Listas!$A$2:$B$8,2,FALSE),"") -> 3 | G8: =IF(OR(E8="Daño moderado",E8="Daño severo",E8="Colapso / peligro inminente"),"Sí",IF(E8="Daño leve","Según alcance","No")) -> Sí
A9: COLUMNAS | B9: C-01 | C9: Columnas / elementos verticales | D9: Fisuras, grietas diagonales, pérdida de sección, acero expuesto, deformación. | E9: Daño leve | F9: =IFERROR(VLOOKUP(E9,Listas!$A$2:$B$8,2,FALSE),"") -> 1 | G9: =IF(OR(E9="Daño moderado",E9="Daño severo",E9="Colapso / peligro inminente"),"Sí",IF(E9="Daño leve","Según alcance","No")) -> Según alcance
A10: VIGAS | B10: V-01 | C10: Vigas principales | D10: Grietas, desprendimientos, deformación o falla próxima a apoyos. | E10: Daño leve | F10: =IFERROR(VLOOKUP(E10,Listas!$A$2:$B$8,2,FALSE),"") -> 1 | G10: =IF(OR(E10="Daño moderado",E10="Daño severo",E10="Colapso / peligro inminente"),"Sí",IF(E10="Daño leve","Según alcance","No")) -> Según alcance
A11: CONEXIONES | B11: CX-01 | C11: Conexiones viga-columna / uniones | D11: Separación, aplastamiento, rotura o pérdida de continuidad. | E11: Daño moderado | F11: =IFERROR(VLOOKUP(E11,Listas!$A$2:$B$8,2,FALSE),"") -> 2 | G11: =IF(OR(E11="Daño moderado",E11="Daño severo",E11="Colapso / peligro inminente"),"Sí",IF(E11="Daño leve","Según alcance","No")) -> Sí
A12: MUROS | B12: M-01 | C12: Muros estructurales o de carga | D12: Grietas diagonales/X, inclinación, pérdida de unidades, separación. | E12: No aplica | F12: =IFERROR(VLOOKUP(E12,Listas!$A$2:$B$8,2,FALSE),"") -> -1 | G12: =IF(OR(E12="Daño moderado",E12="Daño severo",E12="Colapso / peligro inminente"),"Sí",IF(E12="Daño leve","Según alcance","No")) -> No
A13: MUROS | B13: M-02 | C13: Muros divisorios / cerramientos | D13: Fisuras, grietas, desprendimientos o riesgo de caída. | E13: Daño severo | F13: =IFERROR(VLOOKUP(E13,Listas!$A$2:$B$8,2,FALSE),"") -> 3 | G13: =IF(OR(E13="Daño moderado",E13="Daño severo",E13="Colapso / peligro inminente"),"Sí",IF(E13="Daño leve","Según alcance","No")) -> Sí
A14: BAHAREQUE | B14: B-01 | C14: Muros de bahareque / entramado | D14: Fisuración diagonal, separación de esquinas, pérdida de recubrimiento. | E14: No aplica | F14: =IFERROR(VLOOKUP(E14,Listas!$A$2:$B$8,2,FALSE),"") -> -1 | G14: =IF(OR(E14="Daño moderado",E14="Daño severo",E14="Colapso / peligro inminente"),"Sí",IF(E14="Daño leve","Según alcance","No")) -> No
A15: BAHAREQUE | B15: B-02 | C15: Uniones de madera / guadua | D15: Rotura, desconexión, deterioro o pérdida de apoyo. | E15: No aplica | F15: =IFERROR(VLOOKUP(E15,Listas!$A$2:$B$8,2,FALSE),"") -> -1 | G15: =IF(OR(E15="Daño moderado",E15="Daño severo",E15="Colapso / peligro inminente"),"Sí",IF(E15="Daño leve","Según alcance","No")) -> No
A16: CUBIERTA | B16: CU-01 | C16: Cubierta y estructura de soporte | D16: Tejas desplazadas, apoyos fallados, deformación o colapso parcial. | E16: Daño severo | F16: =IFERROR(VLOOKUP(E16,Listas!$A$2:$B$8,2,FALSE),"") -> 3 | G16: =IF(OR(E16="Daño moderado",E16="Daño severo",E16="Colapso / peligro inminente"),"Sí",IF(E16="Daño leve","Según alcance","No")) -> Sí
A17: CIMENTACIÓN | B17: CI-01 | C17: Cimentación y apoyo | D17: Asentamiento, desplazamiento o evidencia de pérdida de capacidad. | E17: Daño moderado | F17: =IFERROR(VLOOKUP(E17,Listas!$A$2:$B$8,2,FALSE),"") -> 2 | G17: =IF(OR(E17="Daño moderado",E17="Daño severo",E17="Colapso / peligro inminente"),"Sí",IF(E17="Daño leve","Según alcance","No")) -> Sí
A18: PISOS | B18: P-01 | C18: Pisos / placas | D18: Grietas, desniveles, levantamientos o asentamientos. | E18: Daño severo | F18: =IFERROR(VLOOKUP(E18,Listas!$A$2:$B$8,2,FALSE),"") -> 3 | G18: =IF(OR(E18="Daño moderado",E18="Daño severo",E18="Colapso / peligro inminente"),"Sí",IF(E18="Daño leve","Según alcance","No")) -> Sí
A19: GEOTECNIA | B19: G-01 | C19: Terreno inmediato | D19: Grietas, hundimientos, deslizamiento, movimiento de masa. | E19: Daño moderado | F19: =IFERROR(VLOOKUP(E19,Listas!$A$2:$B$8,2,FALSE),"") -> 2 | G19: =IF(OR(E19="Daño moderado",E19="Daño severo",E19="Colapso / peligro inminente"),"Sí",IF(E19="Daño leve","Según alcance","No")) -> Sí
... A26: PREEXISTENCIAS | B26: PE-01 | C26: Patologías previas | D26: Fisuras antiguas, humedad, corrosión, reparaciones anteriores. | E26: No aplica | F26: =IFERROR(VLOOKUP(E26,Listas!$A$2:$B$8,2,FALSE),"") -> -1 | G26: =IF(OR(E26="Daño moderado",E26="Daño severo",E26="Colapso / peligro inminente"),"Sí",IF(E26="Daño leve","Según alcance","No")) -> No
A29: CRITERIO FINAL AUTOMÁTICO
A30: Indicador | B30: Resultado | E30: CONCEPTO TÉCNICO PRELIMINAR
A31: Puntaje máximo observado | B31: =IF(COUNT(F8:F26)=0,"",MAX(F8:F26)) -> 3 | E31: =IF(B31="","Pendiente de diligenciar la evaluación.",IF(B31=0,"No se identifican daños relevantes en los componentes evaluados. El inmueble se clasifica preliminarmente como habitable.",IF(B31=1,"Se identifican daños leves, principalmente compatibles con afectaciones menores. No se evidencia, con la inspección visual, compromiso relevante de la estructura principal.",IF(B31=2,"Se identifican daños moderados que justifican restricción de uso en las áreas afectadas, reparación y revisión técnica antes de normalizar la ocupación.",IF(B31=3,"Se identifican daños severos o afectación de elementos resistentes. Se recomienda suspender la ocupación y realizar evaluación estructural detallada.","Se identifica colapso o condición de peligro inminente. Se requiere evacuación total, aislamiento del área y evaluación especializada inmediata."))))) -> Se identifican daños severos o afectación de elementos resistentes. Se recomienda suspender la ocupación y realizar evaluación estructural detallada.
A32: Categoría asignada | B32: =IF(B31="","Pendiente de evaluación",CHOOSE(B31+1,"Nivel 0 - Sin daño","Nivel 1 - Daño leve","Nivel 2 - Daño moderado","Nivel 3 - Daño severo","Nivel 4 - Colapso / Peligro inminente")) -> Nivel 3 - Daño severo
A33: Habitabilidad | B33: =IF(B31="","Pendiente",IF(B31<=1,"Habitable",IF(B31=2,"Habitación restringida","Inhabitable"))) -> Inhabitable
A34: Urgencia | B34: =IF(B31="","Pendiente",CHOOSE(B31+1,"Bajo","Bajo","Medio","Alto","Crítico")) -> Alto
A35: Requiere evacuación | B35: =IF(B31="","Pendiente",IF(B31>=3,"Sí","No")) -> Sí
A37: Los ítems con intervención pueden trasladarse al módulo PRESUPUESTO para cuantificar reparación, demolición, reposición, apuntalamiento y medidas temporales.

Sheet Dictamen
A1: MÓDULO DE DESCRIPCIÓN Y DICTAMEN
A2: Generación automática a partir de la hoja Evaluación — criterio preliminar sujeto a validación profesional.
A4: RESUMEN DE CLASIFICACIÓN
A5: Categoría | C5: Habitabilidad | E5: Urgencia | G5: Evacuación
A6: =Evaluación!B32 -> Nivel 3 - Daño severo | C6: =Evaluación!B33 -> Inhabitable | E6: =Evaluación!B34 -> Alto | G6: =Evaluación!B35 -> Sí
A8: DESCRIPCIÓN DEL RIESGO
A9: =_xlfn.LET(_xlpm.p,Evaluación!B31,_xlpm.h,Evaluación!B33,_xlpm.u,Evaluación!B34,_xlpm.e,Evaluación!B35,IF(OR(_xlpm.p="",_xlpm.p<0),"La evaluación no cuenta con información suficiente para establecer el nivel de riesgo. Complete los estados de los componentes inspeccionados.",CHOOSE(_xlpm.p+1,"Riesgo aparente bajo: no se identifican daños relevantes en los componentes evaluados. La ocupación puede mantenerse, sin perjuicio de controles posteriores.","Riesgo aparente bajo: se registran afectaciones leves sin evidencia visual de compromiso relevante de la estructura principal. Se recomienda mantenimiento o reparación menor según el alcance observado.","Riesgo aparente medio: existen daños moderados que pueden afectar el uso seguro de sectores del inmueble. Debe restringirse el acceso a las áreas comprometidas y realizarse revisión técnica antes de normalizar su ocupación.","Riesgo aparente alto: se observan daños severos o afectación de elementos resistentes. Debe suspenderse la ocupación, aislar las zonas de peligro y efectuarse evaluación estructural detallada.","Riesgo crítico: se identifica colapso o peligro inminente. Se requiere evacuación total, aislamiento inmediato y evaluación especializada de emergencia.")&" Clasificación operativa: "&_xlpm.h&"; urgencia: "&_xlpm.u&"; evacuación: "&_xlpm.e&".")) -> Riesgo aparente alto: se observan daños severos o afectación de elementos resistentes. Debe suspenderse la ocupación, aislar las zonas de peligro y efectuarse evaluación estructural detallada. Clasificación operativa: Inhabitable; urgencia: Alto; evacuación: Sí.
A14: DESCRIPCIÓN DE LOS DAÑOS
A15: {=_xlfn.LET(_xlpm.s,Evaluación!F8:F26,_xlpm.c,Evaluación!B8:B26,_xlpm.el,Evaluación!C8:C26,_xlpm.es,Evaluación!E8:E26,_xlpm.ob,Evaluación!H8:H26,_xlpm.n,SUM(--(_xlpm.s>0)),_xlpm.detalle,_xlfn.TEXTJOIN("; ",TRUE,_xlfn._xlws.FILTER(_xlpm.c&" – "&_xlpm.el&" ("&_xlpm.es&")"&IF(_xlpm.ob<>"",": "&_xlpm.ob,""),_xlpm.s>0,"")),IF(_xlpm.n=0,IF(COUNT(_xlpm.s)=0,"No hay componentes diligenciados para describir daños.","No se registran daños en los componentes inspeccionados."),"Se registran "&_xlpm.n&" componentes con afectación. Hallazgos: "&_xlpm.detalle&"."))} -> Se registran 13 componentes con afectación. Hallazgos: CG-01 – Estado global de la edificación (Daño severo); C-01 – Columnas / elementos verticales (Daño leve); V-01 – Vigas principales (Daño leve); CX-01 – Conexiones viga-columna / uniones (Daño moderado); M-02 – Muros divisorios / cerramientos (Daño severo); CU-01 – Cubierta y estructura de soporte (Daño severo); CI-01 – Cimentación y apoyo (Daño moderado); P-01 – Pisos / placas (Daño severo); G-01 – Terreno inmediato (Daño moderado); NE-01 – Fachadas / vidrios / cielorrasos (Daño severo); R-01 – Instalaciones eléctricas (Daño severo); R-02 – Gas (Daño severo); R-03 – Hidráulicas / sanitarias (Daño severo).
A22: DICTAMEN PRELIMINAR
A23: =_xlfn.LET(_xlpm.concepto,Evaluación!E31,_xlpm.categoria,Evaluación!B32,_xlpm.habitabilidad,Evaluación!B33,_xlpm.urgencia,Evaluación!B34,_xlpm.evacuacion,Evaluación!B35,IF(_xlpm.categoria="Pendiente de evaluación","Dictamen pendiente: complete la evaluación visual antes de emitir una clasificación operativa.",_xlpm.concepto&" En consecuencia, la clasificación preliminar es "&_xlpm.categoria&", con condición de habitabilidad "&_xlpm.habitabilidad&", urgencia "&_xlpm.urgencia&" y requerimiento de evacuación: "&_xlpm.evacuacion&". Este dictamen es resultado de una inspección visual rápida y no sustituye un estudio estructural detallado ni el concepto de la autoridad competente.")) -> Se identifican daños severos o afectación de elementos resistentes. Se recomienda suspender la ocupación y realizar evaluación estructural detallada. En consecuencia, la clasificación preliminar es Nivel 3 - Daño severo, con condición de habitabilidad Inhabitable, urgencia Alto y requerimiento de evacuación: Sí. Este dictamen es resultado de una inspección visual rápida y no sustituye un estudio estructural detallado ni el concepto de la autoridad competente.

Sheet Presupuesto
A1: PRESUPUESTO DE INTERVENCIÓN / REPARACIÓN POST-SISMO
A3: Capítulo | B3: Código evaluación | C3: Componente | D3: Actividad / reparación | E3: Unidad | F3: Cantidad | G3: Valor unitario | H3: Valor total | I3: Prioridad | J3: ¿Cubierto / incluido? | K3: Observación técnica | L3: Fuente / Cotización
G4: 0 | H4: =IF(OR(F4="",G4=""),"",F4*G4)
G5: 0 | H5: =IF(OR(F5="",G5=""),"",F5*G5)
G6: 0 | H6: =IF(OR(F6="",G6=""),"",F6*G6)
G7: 0 | H7: =IF(OR(F7="",G7=""),"",F7*G7)
G8: 0 | H8: =IF(OR(F8="",G8=""),"",F8*G8)
G9: 0 | H9: =IF(OR(F9="",G9=""),"",F9*G9)
G10: 0 | H10: =IF(OR(F10="",G10=""),"",F10*G10)
G11: 0 | H11: =IF(OR(F11="",G11=""),"",F11*G11)
G12: 0 | H12: =IF(OR(F12="",G12=""),"",F12*G12)
G13: 0 | H13: =IF(OR(F13="",G13=""),"",F13*G13)
G14: 0 | H14: =IF(OR(F14="",G14=""),"",F14*G14)
G15: 0 | H15: =IF(OR(F15="",G15=""),"",F15*G15)
... G38: 0 | H38: =IF(OR(F38="",G38=""),"",F38*G38)
G40: Subtotal | H40: =SUM(H4:H38) -> 0
F41: AIU | G41: 0.05 | H41: =H40*G41 -> 0
G42: 0.1 | H42: =(H40+H41)*G42 -> 0
G43: 0 | H43: =(H40+H41+H42)*G43 -> 0
G44: TOTAL ESTIMADO | H44: =SUM(H40:H43) -> 0
A47: USO: seleccione el código del hallazgo evaluado, describa la actividad necesaria, unidad, cantidad y valor unitario. El total se calcula automáticamente. Los porcentajes de imprevistos, AIU e impuestos son editables.
